ID_oxygen_tolerance,oxygen_tol,ID_strains
2,anaerobe,59
3,anaerobe,98
4,anaerobe,99
5,anaerobe,100
6,anaerobe,101
7,anaerobe,102
8,anaerobe,103
9,anaerobe,104
10,anaerobe,105
11,anaerobe,140
12,anaerobe,144
14,microaerophile,145
15,anaerobe,146
17,anaerobe,147
18,anaerobe,148
19,anaerobe,149
20,anaerobe,150
21,anaerobe,151
22,anaerobe,152
23,microaerophile,153
24,anaerobe,154
25,anaerobe,155
26,microaerophile,155
27,anaerobe,156
28,microaerophile,156
29,anaerobe,157
30,microaerophile,157
31,anaerobe,158
32,microaerophile,159
33,microaerophile,160
34,anaerobe,161
35,anaerobe,162
36,anaerobe,163
37,anaerobe,164
38,microaerophile,164
39,anaerobe,165
40,microaerophile,165
41,anaerobe,170
43,microaerophile,174
45,microaerophile,175
47,microaerophile,176
49,microaerophile,177
51,microaerophile,178
53,microaerophile,179
55,microaerophile,180
57,microaerophile,181
59,microaerophile,182
60,anaerobe,183
62,anaerobe,184
63,anaerobe,185
64,microaerophile,185
66,anaerobe,187
67,anaerobe,188
68,anaerobe,189
69,anaerobe,190
70,anaerobe,192
71,anaerobe,193
72,microaerophile,194
73,anaerobe,195
74,anaerobe,196
75,microaerophile,196
76,anaerobe,197
77,anaerobe,198
78,microaerophile,198
80,microaerophile,203
82,anaerobe,204
83,anaerobe,205
84,anaerobe,206
85,anaerobe,207
87,anaerobe,208
88,anaerobe,209
90,anaerobe,210
91,anaerobe,211
92,anaerobe,212
93,microaerophile,216
94,aerobe,216
95,microaerophile,217
96,aerobe,217
97,anaerobe,218
98,anaerobe,219
100,microaerophile,225
102,microaerophile,226
103,microaerophile,227
104,aerobe,227
106,microaerophile,229
108,microaerophile,230
110,microaerophile,234
112,microaerophile,235
113,microaerophile,236
114,aerobe,270
115,anaerobe,294
116,aerobe,347
117,anaerobe,347
118,anaerobe,348
119,microaerophile,356
120,microaerophile,366
121,aerobe,383
122,aerobe,470
123,anaerobe,501
124,anaerobe,502
125,anaerobe,503
126,anaerobe,504
127,anaerobe,505
128,anaerobe,506
129,anaerobe,507
130,microaerophile,520
131,microaerophile,521
132,microaerophile,524
133,microaerophile,525
134,anaerobe,552
135,"facultative anaerobe",1068
136,anaerobe,1147
137,anaerobe,1148
138,anaerobe,1211
139,anaerobe,1229
140,aerobe,1244
141,anaerobe,1295
142,microaerophile,1357
143,microaerophile,1358
144,aerobe,1391
145,anaerobe,1402
146,anaerobe,1404
147,aerobe,1405
148,anaerobe,1405
149,"facultative anaerobe",1408
150,anaerobe,1557
151,anaerobe,1558
152,anaerobe,1559
153,microaerophile,1569
154,anaerobe,1579
155,anaerobe,1580
156,anaerobe,1581
157,anaerobe,1582
160,anaerobe,1583
162,anaerobe,1584
165,anaerobe,1585
166,anaerobe,1586
168,anaerobe,1587
169,anaerobe,1588
171,anaerobe,1589
172,anaerobe,1590
174,anaerobe,1591
176,anaerobe,1592
178,anaerobe,1593
180,anaerobe,1594
182,anaerobe,1595
183,anaerobe,1596
184,anaerobe,1597
186,anaerobe,1598
188,anaerobe,1599
189,anaerobe,1600
192,anaerobe,1601
193,anaerobe,1602
195,anaerobe,1603
197,anaerobe,1604
198,anaerobe,1605
200,anaerobe,1606
202,anaerobe,1607
204,anaerobe,1608
205,anaerobe,1609
207,anaerobe,1610
208,anaerobe,1611
209,anaerobe,1612
210,anaerobe,1613
211,anaerobe,1614
213,anaerobe,1615
214,anaerobe,1616
216,anaerobe,1617
218,anaerobe,1618
220,anaerobe,1619
221,anaerobe,1620
223,anaerobe,1621
225,anaerobe,1622
227,anaerobe,1623
229,anaerobe,1624
230,anaerobe,1625
232,anaerobe,1626
234,anaerobe,1627
236,anaerobe,1628
237,anaerobe,1629
239,anaerobe,1630
240,anaerobe,1631
241,microaerophile,1632
242,microaerophile,1633
243,microaerophile,1634
244,microaerophile,1635
245,microaerophile,1636
246,microaerophile,1637
247,microaerophile,1638
248,microaerophile,1639
249,microaerophile,1640
250,microaerophile,1641
251,microaerophile,1642
252,microaerophile,1643
253,microaerophile,1644
254,microaerophile,1645
255,aerobe,1656
256,anaerobe,1682
257,anaerobe,1683
258,anaerobe,1684
259,anaerobe,1685
260,anaerobe,1686
261,anaerobe,1687
262,anaerobe,1688
263,anaerobe,1689
264,anaerobe,1690
265,anaerobe,1691
266,anaerobe,1692
267,anaerobe,1693
268,anaerobe,1694
269,anaerobe,1695
270,anaerobe,1696
271,anaerobe,1697
272,anaerobe,1698
273,anaerobe,1699
274,anaerobe,1700
275,anaerobe,1701
276,anaerobe,1702
277,anaerobe,1703
278,anaerobe,1704
279,anaerobe,1705
280,anaerobe,1706
281,anaerobe,1707
282,anaerobe,1708
283,anaerobe,1709
284,anaerobe,1710
285,anaerobe,1711
286,anaerobe,1712
287,anaerobe,1713
288,anaerobe,1714
289,anaerobe,1715
290,anaerobe,1716
291,anaerobe,1717
292,anaerobe,1718
293,anaerobe,1719
294,anaerobe,1720
295,anaerobe,1721
296,anaerobe,1722
297,anaerobe,1723
298,anaerobe,1724
299,anaerobe,1725
300,anaerobe,1726
301,anaerobe,1727
302,anaerobe,1728
303,anaerobe,1729
304,anaerobe,1730
305,anaerobe,1731
306,anaerobe,1732
307,anaerobe,1733
308,anaerobe,1734
309,anaerobe,1735
310,anaerobe,1736
311,anaerobe,1737
312,anaerobe,1738
314,anaerobe,1739
315,anaerobe,1740
316,anaerobe,1741
317,anaerobe,1742
318,anaerobe,1743
319,anaerobe,1744
320,anaerobe,1745
321,anaerobe,1746
322,anaerobe,1747
323,anaerobe,1748
324,anaerobe,1749
325,anaerobe,1750
326,anaerobe,1751
327,anaerobe,1752
328,anaerobe,1753
329,anaerobe,1754
330,anaerobe,1755
331,anaerobe,1756
332,anaerobe,1757
333,microaerophile,1757
334,anaerobe,1758
335,anaerobe,1759
336,anaerobe,1760
337,anaerobe,1761
338,anaerobe,1762
339,anaerobe,1763
340,anaerobe,1764
342,"obligate anaerobe",1765
343,anaerobe,1766
344,anaerobe,1767
345,anaerobe,1768
346,anaerobe,1769
347,microaerophile,1789
348,anaerobe,1798
349,anaerobe,1799
350,anaerobe,1800
351,anaerobe,1801
352,microaerophile,1801
353,anaerobe,1819
354,anaerobe,1820
355,anaerobe,1821
356,anaerobe,1822
357,anaerobe,1823
358,anaerobe,1824
359,anaerobe,1825
360,anaerobe,1826
361,anaerobe,1827
362,anaerobe,1828
363,anaerobe,2090
364,microaerophile,2091
365,microaerophile,2092
366,microaerophile,2093
368,microaerophile,2094
369,microaerophile,2095
370,microaerophile,2096
371,microaerophile,2098
372,microaerophile,2099
373,microaerophile,2101
374,anaerobe,2102
375,microaerophile,2103
377,anaerobe,2119
378,microaerophile,2120
379,microaerophile,2121
381,"facultative anaerobe",2124
382,microaerophile,2125
383,microaerophile,2126
384,anaerobe,2127
386,anaerobe,2128
387,microaerophile,2129
388,microaerophile,2130
389,microaerophile,2131
391,anaerobe,2133
392,microaerophile,2134
394,anaerobe,2135
396,anaerobe,2136
397,anaerobe,2137
399,anaerobe,2138
400,microaerophile,2140
401,microaerophile,2141
402,microaerophile,2145
403,microaerophile,2146
404,microaerophile,2149
405,microaerophile,2150
406,microaerophile,2152
407,microaerophile,2153
408,microaerophile,2155
409,microaerophile,2156
410,microaerophile,2167
411,microaerophile,2170
412,microaerophile,2173
413,microaerophile,2176
414,microaerophile,2179
415,microaerophile,2183
416,microaerophile,2198
417,microaerophile,2203
418,anaerobe,2223
419,anaerobe,2224
420,anaerobe,2225
421,anaerobe,2226
422,anaerobe,2227
423,anaerobe,2228
424,anaerobe,2229
425,anaerobe,2230
426,anaerobe,2231
427,anaerobe,2232
428,microaerophile,2233
429,microaerophile,2234
430,anaerobe,2235
432,anaerobe,2236
433,microaerophile,2238
434,microaerophile,2243
435,microaerophile,2244
436,microaerophile,2245
437,microaerophile,2246
439,anaerobe,2248
441,anaerobe,2251
442,microaerophile,2268
443,anaerobe,2270
444,microaerophile,2271
445,anaerobe,2274
446,anaerobe,2275
447,anaerobe,2276
448,microaerophile,2276
449,"facultative anaerobe",2278
450,microaerophile,2279
451,anaerobe,2280
452,microaerophile,2282
453,aerobe,2284
454,anaerobe,2284
455,anaerobe,2285
456,anaerobe,2286
457,anaerobe,2287
458,microaerophile,2359
459,aerobe,2359
460,anaerobe,2395
461,anaerobe,2396
462,anaerobe,2397
463,anaerobe,2398
464,anaerobe,2399
465,anaerobe,2400
466,anaerobe,2401
467,anaerobe,2402
468,anaerobe,2403
469,anaerobe,2404
470,anaerobe,2405
471,anaerobe,2406
472,anaerobe,2407
473,anaerobe,2408
474,anaerobe,2409
475,anaerobe,2410
476,anaerobe,2411
477,anaerobe,2412
478,anaerobe,2416
479,anaerobe,2417
480,anaerobe,2418
481,anaerobe,2419
482,anaerobe,2420
483,anaerobe,2421
484,anaerobe,2422
485,anaerobe,2423
486,anaerobe,2424
487,anaerobe,2425
488,anaerobe,2426
489,anaerobe,2427
490,anaerobe,2428
491,anaerobe,2429
492,anaerobe,2431
493,anaerobe,2432
494,anaerobe,2433
495,anaerobe,2434
496,anaerobe,2436
497,anaerobe,2437
498,"obligate anaerobe",2438
499,anaerobe,2439
500,anaerobe,2440
501,anaerobe,2445
502,anaerobe,2446
503,anaerobe,2447
504,anaerobe,2448
505,anaerobe,2449
506,anaerobe,2450
507,"obligate anaerobe",2452
508,anaerobe,2453
509,anaerobe,2463
510,anaerobe,2464
511,anaerobe,2465
512,anaerobe,2466
513,anaerobe,2467
514,anaerobe,2468
515,anaerobe,2469
516,anaerobe,2470
517,"obligate anaerobe",2473
518,"obligate anaerobe",2474
519,anaerobe,2475
520,anaerobe,2476
521,anaerobe,2477
522,anaerobe,2478
523,anaerobe,2479
524,anaerobe,2480
525,anaerobe,2481
526,anaerobe,2482
527,anaerobe,2483
528,anaerobe,2484
529,anaerobe,2487
530,anaerobe,2488
531,anaerobe,2489
532,anaerobe,2490
533,anaerobe,2491
534,"obligate anaerobe",2494
535,anaerobe,2495
536,anaerobe,2496
537,anaerobe,2497
538,anaerobe,2498
539,anaerobe,2499
540,"obligate anaerobe",2500
541,anaerobe,2501
542,anaerobe,2502
543,anaerobe,2503
544,anaerobe,2504
545,anaerobe,2505
546,anaerobe,2506
547,anaerobe,2507
548,anaerobe,2508
549,anaerobe,2509
550,anaerobe,2510
551,anaerobe,2511
552,anaerobe,2512
553,anaerobe,2513
554,anaerobe,2514
555,anaerobe,2515
556,anaerobe,2516
557,anaerobe,2517
558,anaerobe,2518
559,anaerobe,2519
561,anaerobe,2520
562,anaerobe,2521
563,anaerobe,2522
564,anaerobe,2523
565,anaerobe,2524
566,anaerobe,2525
567,anaerobe,2526
568,anaerobe,2527
569,anaerobe,2528
570,anaerobe,2529
571,anaerobe,2530
572,anaerobe,2531
573,anaerobe,2532
574,anaerobe,2533
575,anaerobe,2534
577,anaerobe,2535
578,anaerobe,2536
579,anaerobe,2537
580,anaerobe,2538
581,anaerobe,2539
582,anaerobe,2540
583,anaerobe,2541
584,anaerobe,2542
585,anaerobe,2543
586,anaerobe,2544
587,anaerobe,2545
588,anaerobe,2546
590,anaerobe,2547
591,anaerobe,2548
592,anaerobe,2549
593,anaerobe,2550
594,anaerobe,2551
596,anaerobe,2552
598,anaerobe,2553
601,anaerobe,2554
602,anaerobe,2555
603,anaerobe,2556
604,anaerobe,2557
605,anaerobe,2558
606,anaerobe,2559
607,anaerobe,2560
608,anaerobe,2561
611,anaerobe,2562
614,anaerobe,2563
615,anaerobe,2564
616,anaerobe,2565
617,anaerobe,2566
618,anaerobe,2567
620,anaerobe,2568
621,anaerobe,2569
622,anaerobe,2570
623,anaerobe,2571
624,anaerobe,2572
625,anaerobe,2573
627,anaerobe,2574
628,anaerobe,2575
629,anaerobe,2576
630,anaerobe,2577
631,anaerobe,2578
632,anaerobe,2579
633,anaerobe,2580
634,anaerobe,2581
636,anaerobe,2582
638,anaerobe,2583
640,anaerobe,2584
641,anaerobe,2585
642,anaerobe,2586
643,anaerobe,2587
644,anaerobe,2589
645,anaerobe,2590
646,anaerobe,2591
647,anaerobe,2592
648,anaerobe,2593
649,anaerobe,2594
650,anaerobe,2595
651,anaerobe,2596
652,anaerobe,2597
653,anaerobe,2598
654,anaerobe,2599
655,anaerobe,2600
656,anaerobe,2601
657,anaerobe,2602
658,anaerobe,2603
659,anaerobe,2604
660,anaerobe,2605
661,anaerobe,2606
662,anaerobe,2607
663,anaerobe,2608
664,anaerobe,2609
665,anaerobe,2610
666,anaerobe,2611
667,anaerobe,2612
668,anaerobe,2613
669,anaerobe,2614
670,anaerobe,2615
671,anaerobe,2616
672,anaerobe,2617
673,anaerobe,2618
674,anaerobe,2619
675,anaerobe,2620
677,anaerobe,2621
678,anaerobe,2622
679,anaerobe,2623
681,anaerobe,2624
683,anaerobe,2625
684,anaerobe,2626
685,anaerobe,2627
686,anaerobe,2628
687,anaerobe,2629
689,anaerobe,2630
691,anaerobe,2631
692,anaerobe,2632
694,anaerobe,2633
695,anaerobe,2634
696,anaerobe,2635
697,anaerobe,2636
698,anaerobe,2637
699,anaerobe,2638
700,anaerobe,2639
701,anaerobe,2640
702,anaerobe,2641
703,anaerobe,2642
704,anaerobe,2643
705,anaerobe,2644
706,anaerobe,2645
707,anaerobe,2646
708,anaerobe,2647
709,anaerobe,2648
710,anaerobe,2649
711,anaerobe,2650
712,anaerobe,2651
713,anaerobe,2652
714,anaerobe,2653
715,anaerobe,2654
716,anaerobe,2655
717,anaerobe,2656
718,anaerobe,2657
719,anaerobe,2658
720,anaerobe,2659
722,anaerobe,2660
723,anaerobe,2661
724,anaerobe,2662
725,anaerobe,2663
726,anaerobe,2664
727,anaerobe,2665
728,anaerobe,2666
729,anaerobe,2667
730,anaerobe,2668
731,anaerobe,2669
732,anaerobe,2670
733,anaerobe,2671
734,anaerobe,2672
735,anaerobe,2673
736,anaerobe,2674
737,anaerobe,2675
738,anaerobe,2676
739,anaerobe,2677
740,anaerobe,2678
741,anaerobe,2679
742,anaerobe,2680
743,anaerobe,2681
744,anaerobe,2682
745,anaerobe,2683
746,anaerobe,2684
748,anaerobe,2685
750,anaerobe,2686
751,anaerobe,2687
752,anaerobe,2688
754,anaerobe,2689
755,anaerobe,2690
757,anaerobe,2691
759,anaerobe,2692
760,anaerobe,2693
761,anaerobe,2694
762,anaerobe,2695
763,anaerobe,2696
764,anaerobe,2697
765,anaerobe,2698
766,anaerobe,2699
767,anaerobe,2700
769,anaerobe,2701
770,anaerobe,2702
771,anaerobe,2703
772,anaerobe,2704
773,anaerobe,2705
774,anaerobe,2706
775,anaerobe,2707
776,anaerobe,2708
777,anaerobe,2709
778,anaerobe,2710
779,anaerobe,2711
781,anaerobe,2712
782,anaerobe,2713
784,anaerobe,2714
786,anaerobe,2715
787,anaerobe,2716
788,anaerobe,2717
789,anaerobe,2718
790,anaerobe,2719
791,anaerobe,2720
792,anaerobe,2721
793,anaerobe,2722
794,anaerobe,2723
796,anaerobe,2724
797,anaerobe,2725
798,anaerobe,2726
800,anaerobe,2727
801,anaerobe,2728
802,anaerobe,2729
803,anaerobe,2730
804,anaerobe,2731
805,anaerobe,2732
806,anaerobe,2733
807,anaerobe,2734
808,anaerobe,2735
809,anaerobe,2736
811,anaerobe,2737
812,anaerobe,2738
813,anaerobe,2739
814,anaerobe,2740
815,anaerobe,2741
816,anaerobe,2742
817,anaerobe,2743
818,anaerobe,2744
819,anaerobe,2745
820,anaerobe,2746
821,anaerobe,2747
823,anaerobe,2748
824,anaerobe,2749
825,anaerobe,2750
826,anaerobe,2751
827,anaerobe,2752
828,anaerobe,2753
829,anaerobe,2754
830,anaerobe,2755
831,anaerobe,2756
832,anaerobe,2757
834,anaerobe,2758
835,anaerobe,2759
836,anaerobe,2760
837,anaerobe,2761
838,anaerobe,2762
839,anaerobe,2763
840,anaerobe,2764
841,anaerobe,2765
842,anaerobe,2766
843,anaerobe,2767
844,anaerobe,2768
845,anaerobe,2769
846,anaerobe,2770
847,anaerobe,2771
849,anaerobe,2772
850,anaerobe,2773
851,anaerobe,2774
852,anaerobe,2775
853,anaerobe,2776
854,anaerobe,2777
855,anaerobe,2778
856,anaerobe,2779
857,anaerobe,2780
858,anaerobe,2781
860,anaerobe,2782
861,anaerobe,2783
863,anaerobe,2784
865,anaerobe,2785
866,anaerobe,2786
867,anaerobe,2787
868,anaerobe,2788
869,anaerobe,2789
870,anaerobe,2790
871,anaerobe,2791
873,anaerobe,2792
874,anaerobe,2793
876,anaerobe,2794
877,anaerobe,2796
878,anaerobe,2797
879,anaerobe,2798
880,anaerobe,2799
881,anaerobe,2800
882,anaerobe,2801
883,anaerobe,2802
884,anaerobe,2803
885,anaerobe,2804
886,anaerobe,2805
887,anaerobe,2806
889,anaerobe,2807
890,anaerobe,2808
891,anaerobe,2809
892,anaerobe,2810
893,anaerobe,2811
894,anaerobe,2812
895,anaerobe,2813
896,anaerobe,2814
897,anaerobe,2815
898,anaerobe,2816
899,anaerobe,2817
900,anaerobe,2818
901,anaerobe,2819
902,anaerobe,2820
903,anaerobe,2821
904,anaerobe,2822
905,anaerobe,2823
906,anaerobe,2824
907,anaerobe,2825
908,anaerobe,2826
909,anaerobe,2827
910,anaerobe,2828
911,anaerobe,2829
913,anaerobe,2830
915,anaerobe,2831
916,anaerobe,2832
917,anaerobe,2833
918,anaerobe,2834
919,anaerobe,2835
921,anaerobe,2836
922,anaerobe,2837
923,anaerobe,2838
924,anaerobe,2839
925,anaerobe,2840
926,anaerobe,2841
927,anaerobe,2842
928,anaerobe,2843
929,anaerobe,2844
930,anaerobe,2845
931,anaerobe,2846
932,anaerobe,2847
933,anaerobe,2848
934,anaerobe,2849
935,anaerobe,2850
936,anaerobe,2851
937,anaerobe,2852
938,anaerobe,2853
939,anaerobe,2854
940,anaerobe,2855
941,anaerobe,2856
942,anaerobe,2857
943,anaerobe,2858
944,anaerobe,2859
945,anaerobe,2860
946,"obligate anaerobe",2861
947,anaerobe,2862
948,anaerobe,2863
949,anaerobe,2864
950,anaerobe,2865
951,anaerobe,2866
952,anaerobe,2867
953,anaerobe,2868
954,anaerobe,2869
955,anaerobe,2870
956,anaerobe,2871
957,anaerobe,2872
958,anaerobe,2873
959,anaerobe,2874
960,aerobe,2895
961,anaerobe,2895
962,aerobe,2897
963,anaerobe,2897
964,aerobe,2907
965,anaerobe,2907
966,aerobe,2929
967,microaerophile,2929
968,anaerobe,2989
969,anaerobe,2990
970,anaerobe,2991
971,anaerobe,3038
972,anaerobe,3039
973,anaerobe,3040
974,anaerobe,3041
975,"obligate anaerobe",3042
977,anaerobe,3043
978,anaerobe,3044
979,anaerobe,3045
980,anaerobe,3046
981,anaerobe,3047
982,anaerobe,3048
983,anaerobe,3049
985,"obligate anaerobe",3050
986,anaerobe,3051
987,"obligate anaerobe",3052
988,anaerobe,3053
989,anaerobe,3054
990,anaerobe,3055
991,anaerobe,3056
992,anaerobe,3057
993,anaerobe,3058
995,"obligate anaerobe",3059
996,"obligate anaerobe",3061
997,"obligate anaerobe",3062
998,anaerobe,3063
999,anaerobe,3064
1000,anaerobe,3065
1002,anaerobe,3066
1003,anaerobe,3067
1005,"obligate anaerobe",3068
1007,anaerobe,3069
1009,anaerobe,3070
1011,anaerobe,3071
1012,anaerobe,3072
1013,anaerobe,3073
1014,anaerobe,3074
1016,anaerobe,3075
1017,anaerobe,3076
1018,anaerobe,3077
1019,"obligate anaerobe",3160
1021,microaerophile,3198
1023,aerobe,3249
1024,anaerobe,3755
1025,microaerophile,3755
1026,anaerobe,3756
1027,microaerophile,3756
1028,anaerobe,3757
1029,microaerophile,3757
1030,aerobe,3757
1031,anaerobe,3758
1032,microaerophile,3758
1033,aerobe,3759
1034,anaerobe,3759
1035,aerobe,3760
1036,anaerobe,3760
1037,anaerobe,3761
1038,aerobe,3762
1039,anaerobe,3762
1040,aerobe,3763
1041,anaerobe,3763
1042,anaerobe,3772
1043,anaerobe,3838
1044,anaerobe,3839
1045,anaerobe,3840
1046,anaerobe,3841
1048,anaerobe,3842
1049,anaerobe,3843
1050,anaerobe,3844
1051,anaerobe,3845
1052,anaerobe,3846
1053,microaerophile,3919
1054,anaerobe,3945
1055,anaerobe,3946
1056,anaerobe,3947
1057,anaerobe,3948
1058,anaerobe,3949
1059,anaerobe,3950
1060,anaerobe,3951
1061,anaerobe,3952
1062,anaerobe,3953
1063,anaerobe,3954
1064,anaerobe,3955
1065,anaerobe,3956
1066,anaerobe,3957
1067,anaerobe,3958
1068,anaerobe,3959
1069,anaerobe,3960
1070,anaerobe,3961
1071,anaerobe,3962
1072,anaerobe,3963
1073,anaerobe,3964
1074,anaerobe,3965
1075,anaerobe,3966
1076,anaerobe,3967
1077,anaerobe,3968
1078,anaerobe,3969
1079,anaerobe,3970
1080,anaerobe,3971
1081,anaerobe,3972
1082,anaerobe,3973
1083,anaerobe,3974
1084,anaerobe,3975
1085,anaerobe,3976
1086,anaerobe,3977
1087,anaerobe,3978
1088,anaerobe,3979
1089,anaerobe,3980
1090,anaerobe,3981
1091,anaerobe,3982
1092,anaerobe,3983
1093,anaerobe,3984
1094,anaerobe,3985
1095,anaerobe,3986
1096,anaerobe,3987
1097,anaerobe,3988
1098,anaerobe,3990
1099,anaerobe,3991
1100,anaerobe,3992
1101,anaerobe,3993
1102,anaerobe,3994
1103,anaerobe,3995
1104,anaerobe,3996
1105,anaerobe,3997
1106,anaerobe,3998
1107,anaerobe,3999
1108,anaerobe,4000
1109,anaerobe,4001
1110,anaerobe,4002
1111,anaerobe,4003
1112,anaerobe,4004
1113,anaerobe,4005
1114,anaerobe,4006
1115,anaerobe,4007
1116,anaerobe,4008
1117,anaerobe,4009
1118,anaerobe,4010
1119,anaerobe,4011
1120,anaerobe,4012
1121,anaerobe,4013
1122,anaerobe,4014
1123,anaerobe,4015
1124,anaerobe,4016
1125,anaerobe,4017
1126,anaerobe,4018
1127,anaerobe,4019
1128,anaerobe,4020
1129,anaerobe,4021
1130,anaerobe,4022
1131,anaerobe,4023
1132,anaerobe,4024
1133,anaerobe,4025
1134,anaerobe,4026
1135,anaerobe,4027
1136,anaerobe,4028
1137,anaerobe,4029
1138,anaerobe,4030
1139,anaerobe,4031
1140,anaerobe,4032
1141,anaerobe,4033
1142,anaerobe,4034
1143,anaerobe,4035
1144,anaerobe,4036
1145,anaerobe,4037
1146,anaerobe,4038
1147,anaerobe,4039
1148,anaerobe,4040
1149,anaerobe,4041
1150,anaerobe,4042
1151,anaerobe,4043
1152,anaerobe,4044
1153,anaerobe,4045
1154,anaerobe,4046
1155,anaerobe,4047
1156,anaerobe,4048
1157,anaerobe,4049
1158,anaerobe,4050
1159,anaerobe,4051
1160,anaerobe,4052
1161,anaerobe,4053
1162,anaerobe,4054
1163,anaerobe,4055
1164,anaerobe,4056
1165,anaerobe,4057
1166,anaerobe,4058
1167,anaerobe,4059
1168,anaerobe,4060
1169,anaerobe,4061
1170,anaerobe,4062
1171,anaerobe,4063
1172,anaerobe,4064
1173,anaerobe,4065
1174,anaerobe,4066
1175,anaerobe,4067
1176,anaerobe,4068
1177,anaerobe,4069
1178,anaerobe,4070
1179,anaerobe,4071
1180,anaerobe,4072
1181,anaerobe,4073
1182,anaerobe,4074
1183,anaerobe,4075
1184,anaerobe,4076
1185,anaerobe,4077
1187,anaerobe,4078
1188,anaerobe,4079
1189,anaerobe,4080
1190,anaerobe,4081
1191,anaerobe,4082
1192,anaerobe,4083
1193,anaerobe,4084
1194,anaerobe,4085
1195,anaerobe,4086
1196,anaerobe,4087
1197,anaerobe,4088
1198,anaerobe,4089
1199,anaerobe,4090
1200,anaerobe,4091
1201,anaerobe,4092
1202,anaerobe,4093
1203,anaerobe,4094
1204,anaerobe,4095
1205,anaerobe,4096
1206,anaerobe,4097
1207,anaerobe,4098
1208,anaerobe,4099
1209,anaerobe,4100
1210,anaerobe,4101
1211,anaerobe,4102
1212,anaerobe,4103
1213,anaerobe,4104
1214,anaerobe,4105
1215,anaerobe,4106
1216,anaerobe,4107
1217,anaerobe,4108
1218,anaerobe,4109
1219,anaerobe,4110
1220,anaerobe,4111
1221,anaerobe,4112
1222,anaerobe,4113
1223,anaerobe,4114
1224,anaerobe,4115
1225,anaerobe,4116
1226,anaerobe,4117
1227,anaerobe,4118
1228,anaerobe,4119
1229,anaerobe,4120
1230,anaerobe,4121
1231,anaerobe,4122
1232,anaerobe,4123
1233,anaerobe,4124
1234,anaerobe,4125
1235,anaerobe,4126
1236,anaerobe,4127
1237,anaerobe,4128
1238,anaerobe,4129
1239,anaerobe,4130
1240,anaerobe,4131
1241,anaerobe,4132
1242,anaerobe,4133
1243,anaerobe,4134
1244,anaerobe,4135
1245,anaerobe,4136
1246,anaerobe,4137
1247,anaerobe,4138
1248,anaerobe,4139
1249,anaerobe,4140
1250,anaerobe,4141
1251,anaerobe,4142
1252,anaerobe,4143
1253,anaerobe,4144
1254,anaerobe,4145
1255,anaerobe,4146
1256,anaerobe,4147
1257,anaerobe,4148
1258,anaerobe,4149
1259,anaerobe,4150
1260,anaerobe,4151
1261,anaerobe,4152
1262,anaerobe,4153
1263,anaerobe,4154
1264,anaerobe,4155
1265,anaerobe,4156
1266,anaerobe,4157
1267,anaerobe,4158
1268,anaerobe,4159
1269,anaerobe,4160
1270,anaerobe,4161
1271,anaerobe,4162
1272,anaerobe,4163
1273,anaerobe,4164
1274,anaerobe,4165
1275,anaerobe,4166
1276,anaerobe,4167
1277,anaerobe,4168
1278,anaerobe,4169
1279,anaerobe,4170
1280,anaerobe,4171
1281,anaerobe,4172
1282,anaerobe,4173
1283,anaerobe,4174
1284,anaerobe,4175
1285,anaerobe,4176
1286,anaerobe,4177
1287,anaerobe,4178
1288,anaerobe,4179
1289,anaerobe,4180
1290,anaerobe,4181
1291,anaerobe,4182
1292,anaerobe,4183
1293,anaerobe,4184
1294,anaerobe,4185
1295,anaerobe,4186
1296,anaerobe,4187
1297,anaerobe,4188
1298,anaerobe,4189
1299,anaerobe,4190
1300,anaerobe,4191
1301,anaerobe,4192
1302,anaerobe,4193
1303,anaerobe,4197
1304,anaerobe,4198
1305,anaerobe,4199
1306,anaerobe,4200
1307,anaerobe,4201
1308,anaerobe,4202
1309,anaerobe,4203
1310,anaerobe,4204
1311,anaerobe,4205
1312,anaerobe,4206
1313,anaerobe,4207
1314,anaerobe,4208
1315,anaerobe,4209
1316,anaerobe,4210
1317,anaerobe,4211
1318,anaerobe,4212
1319,anaerobe,4213
1320,anaerobe,4214
1321,anaerobe,4215
1322,anaerobe,4216
1323,anaerobe,4217
1324,anaerobe,4218
1325,anaerobe,4219
1326,anaerobe,4220
1327,anaerobe,4221
1328,anaerobe,4222
1329,anaerobe,4223
1330,anaerobe,4224
1331,anaerobe,4225
1332,anaerobe,4226
1333,anaerobe,4227
1334,anaerobe,4228
1335,anaerobe,4229
1336,anaerobe,4230
1337,anaerobe,4231
1338,anaerobe,4232
1339,anaerobe,4233
1340,anaerobe,4234
1341,anaerobe,4235
1342,anaerobe,4236
1343,anaerobe,4237
1344,anaerobe,4238
1345,anaerobe,4239
1346,anaerobe,4240
1347,aerobe,4259
1348,anaerobe,4270
1349,anaerobe,4271
1350,anaerobe,4272
1351,anaerobe,4273
1352,anaerobe,4274
1353,anaerobe,4275
1354,anaerobe,4276
1355,anaerobe,4277
1356,anaerobe,4278
1357,anaerobe,4279
1358,anaerobe,4281
1359,anaerobe,4282
1360,anaerobe,4283
1361,anaerobe,4285
1362,anaerobe,4295
1363,microaerophile,4298
1364,microaerophile,4304
1365,aerobe,4338
1366,aerobe,4342
1367,aerobe,4345
1368,aerobe,4375
1369,aerobe,4397
1370,microaerophile,5175
1371,microaerophile,5252
1372,anaerobe,5256
1373,microaerophile,5256
1374,microaerophile,5258
1375,microaerophile,5259
1376,microaerophile,5260
1377,microaerophile,5264
1378,aerobe,5264
1380,microaerophile,5265
1382,microaerophile,5266
1383,microaerophile,5267
1384,aerobe,5267
1385,microaerophile,5268
1386,aerobe,5268
1388,microaerophile,5270
1390,microaerophile,5271
1392,microaerophile,5272
1394,microaerophile,5273
1396,microaerophile,5274
1398,microaerophile,5275
1400,microaerophile,5276
1402,microaerophile,5277
1404,microaerophile,5278
1406,microaerophile,5279
1408,microaerophile,5280
1410,microaerophile,5281
1412,microaerophile,5284
1414,microaerophile,5285
1416,microaerophile,5286
1418,microaerophile,5287
1420,microaerophile,5288
1422,microaerophile,5289
1424,microaerophile,5290
1426,microaerophile,5291
1428,microaerophile,5292
1430,microaerophile,5294
1432,microaerophile,5295
1434,microaerophile,5296
1436,microaerophile,5297
1438,microaerophile,5298
1440,microaerophile,5299
1442,microaerophile,5300
1444,microaerophile,5301
1446,microaerophile,5302
1448,microaerophile,5303
1450,microaerophile,5304
1452,microaerophile,5305
1454,microaerophile,5306
1456,microaerophile,5307
1458,microaerophile,5308
1460,microaerophile,5309
1462,microaerophile,5310
1464,microaerophile,5311
1466,microaerophile,5312
1468,microaerophile,5313
1470,microaerophile,5314
1472,microaerophile,5315
1474,microaerophile,5316
1476,microaerophile,5317
1478,microaerophile,5318
1480,microaerophile,5321
1482,microaerophile,5323
1484,microaerophile,5324
1486,microaerophile,5325
1488,microaerophile,5326
1490,microaerophile,5327
1492,microaerophile,5328
1493,microaerophile,5329
1494,microaerophile,5330
1496,microaerophile,5331
1497,microaerophile,5333
1499,microaerophile,5334
1501,microaerophile,5335
1503,microaerophile,5336
1505,microaerophile,5337
1507,microaerophile,5338
1509,microaerophile,5339
1511,microaerophile,5340
1513,microaerophile,5341
1515,microaerophile,5342
1517,microaerophile,5343
1519,microaerophile,5344
1520,microaerophile,5345
1522,microaerophile,5346
1524,microaerophile,5347
1526,microaerophile,5348
1528,microaerophile,5349
1529,microaerophile,5350
1530,microaerophile,5351
1531,microaerophile,5352
1533,microaerophile,5353
1535,microaerophile,5354
1537,microaerophile,5355
1539,microaerophile,5356
1541,microaerophile,5357
1543,microaerophile,5358
1545,microaerophile,5359
1547,microaerophile,5360
1549,microaerophile,5361
1551,microaerophile,5362
1552,anaerobe,5363
1554,anaerobe,5364
1556,anaerobe,5365
1558,anaerobe,5366
1560,microaerophile,5372
1561,anaerobe,5373
1562,anaerobe,5374
1564,anaerobe,5375
1565,anaerobe,5376
1566,anaerobe,5377
1568,anaerobe,5378
1569,anaerobe,5379
1570,anaerobe,5399
1571,anaerobe,5400
1572,anaerobe,5401
1573,anaerobe,5402
1574,anaerobe,5403
1575,anaerobe,5404
1576,anaerobe,5405
1577,anaerobe,5406
1578,anaerobe,5407
1579,anaerobe,5408
1580,anaerobe,5409
1581,anaerobe,5410
1582,anaerobe,5411
1583,anaerobe,5412
1584,anaerobe,5413
1586,anaerobe,5414
1587,anaerobe,5415
1588,anaerobe,5416
1589,anaerobe,5417
1590,anaerobe,5418
1591,anaerobe,5419
1592,anaerobe,5420
1593,anaerobe,5421
1594,anaerobe,5422
1595,anaerobe,5423
1596,anaerobe,5424
1597,anaerobe,5425
1598,anaerobe,5426
1599,anaerobe,5427
1601,anaerobe,5428
1602,anaerobe,5429
1605,anaerobe,5430
1608,anaerobe,5431
1609,anaerobe,5432
1610,anaerobe,5433
1611,anaerobe,5434
1612,anaerobe,5435
1613,anaerobe,5436
1614,anaerobe,5437
1615,anaerobe,5438
1616,anaerobe,5439
1617,anaerobe,5440
1618,anaerobe,5441
1619,anaerobe,5442
1620,anaerobe,5443
1621,anaerobe,5444
1622,anaerobe,5445
1624,anaerobe,5446
1625,anaerobe,5447
1626,anaerobe,5448
1627,anaerobe,5449
1628,anaerobe,5450
1629,anaerobe,5451
1630,anaerobe,5452
1631,anaerobe,5453
1632,aerobe,5455
1633,anaerobe,5487
1634,anaerobe,5488
1635,anaerobe,5489
1636,anaerobe,5490
1637,"facultative anaerobe",5491
1638,"facultative anaerobe",5492
1640,microaerophile,5493
1641,microaerophile,5494
1642,microaerophile,5495
1643,microaerophile,5496
1644,"facultative anaerobe",5525
1645,"facultative anaerobe",5526
1646,"facultative anaerobe",5527
1647,aerobe,5590
1648,aerobe,5608
1649,microaerophile,5625
1652,microaerophile,5632
1653,aerobe,5632
1654,microaerophile,5633
1655,microaerophile,5634
1656,microaerophile,5635
1657,aerobe,5675
1658,aerobe,5676
1660,microaerophile,5716
1661,anaerobe,5758
1662,anaerobe,5759
1664,anaerobe,5760
1666,anaerobe,5761
1668,anaerobe,5762
1670,anaerobe,5763
1671,anaerobe,5764
1672,anaerobe,5765
1674,anaerobe,5766
1676,anaerobe,5767
1678,anaerobe,5768
1680,anaerobe,5769
1682,anaerobe,5770
1684,anaerobe,5771
1686,anaerobe,5772
1688,anaerobe,5773
1690,anaerobe,5774
1692,anaerobe,5775
1694,anaerobe,5776
1695,anaerobe,5777
1696,anaerobe,5778
1697,anaerobe,5779
1698,anaerobe,5780
1699,anaerobe,5781
1700,anaerobe,5782
1702,anaerobe,5783
1703,anaerobe,5784
1704,anaerobe,5785
1705,anaerobe,5786
1706,anaerobe,5787
1707,anaerobe,5789
1708,anaerobe,5790
1709,anaerobe,5791
1710,anaerobe,5792
1711,anaerobe,5793
1712,anaerobe,5794
1713,anaerobe,5795
1714,anaerobe,5796
1715,anaerobe,5797
1716,anaerobe,5798
1717,anaerobe,5799
1718,anaerobe,5800
1719,anaerobe,5801
1720,anaerobe,5802
1721,anaerobe,5803
1722,anaerobe,5804
1723,anaerobe,5805
1724,anaerobe,5806
1725,anaerobe,5807
1726,anaerobe,5808
1728,anaerobe,5857
1729,anaerobe,5858
1730,anaerobe,5859
1731,anaerobe,5860
1732,anaerobe,5861
1733,anaerobe,5862
1734,anaerobe,5863
1735,anaerobe,5864
1736,anaerobe,5865
1737,"obligate anaerobe",5868
1738,anaerobe,5882
1739,anaerobe,5978
1740,anaerobe,5979
1741,anaerobe,5980
1742,anaerobe,5981
1743,anaerobe,5984
1744,anaerobe,5985
1745,anaerobe,5986
1746,anaerobe,5987
1747,anaerobe,5988
1748,anaerobe,5990
1749,anaerobe,5991
1750,anaerobe,5992
1751,aerobe,6045
1752,aerobe,6046
1753,aerobe,6096
1754,microaerophile,6097
1755,microaerophile,6098
1757,microaerophile,6101
1758,microaerophile,6103
1759,microaerophile,6104
1760,anaerobe,6107
1761,anaerobe,6108
1762,anaerobe,6109
1763,microaerophile,6110
1764,microaerophile,6111
1765,anaerobe,6112
1766,anaerobe,6113
1767,microaerophile,6114
1768,anaerobe,6115
1769,anaerobe,6116
1770,anaerobe,6117
1772,anaerobe,6118
1774,anaerobe,6119
1775,anaerobe,6121
1776,anaerobe,6122
1778,anaerobe,6123
1779,anaerobe,6124
1780,aerobe,6138
1781,anaerobe,6138
1782,"facultative anaerobe",6141
1783,"facultative anaerobe",6142
1784,anaerobe,6143
1785,"facultative anaerobe",6151
1786,microaerophile,6152
1787,anaerobe,6158
1788,anaerobe,6159
1789,anaerobe,6160
1790,anaerobe,6161
1791,anaerobe,6162
1792,anaerobe,6163
1793,aerobe,6165
1794,anaerobe,6187
1795,anaerobe,6188
1796,anaerobe,6189
1797,anaerobe,6190
1798,anaerobe,6192
1799,anaerobe,6193
1800,anaerobe,6194
1801,anaerobe,6195
1803,anaerobe,6338
1804,anaerobe,6339
1805,anaerobe,6340
1806,anaerobe,6341
1807,anaerobe,6342
1808,anaerobe,6343
1809,anaerobe,6344
1810,anaerobe,6345
1811,anaerobe,6346
1812,anaerobe,6347
1813,anaerobe,6348
1814,anaerobe,6349
1815,anaerobe,6350
1816,anaerobe,6351
1817,anaerobe,6353
1818,anaerobe,6354
1819,anaerobe,6355
1821,anaerobe,6356
1822,anaerobe,6357
1823,anaerobe,6358
1824,anaerobe,6359
1826,anaerobe,6360
1827,anaerobe,6361
1828,anaerobe,6362
1829,anaerobe,6363
1830,anaerobe,6364
1831,anaerobe,6365
1832,anaerobe,6367
1833,anaerobe,6368
1834,anaerobe,6369
1835,anaerobe,6370
1836,anaerobe,6371
1837,anaerobe,6372
1838,anaerobe,6373
1839,anaerobe,6374
1840,anaerobe,6375
1841,anaerobe,6376
1842,anaerobe,6377
1843,anaerobe,6378
1844,microaerophile,6379
1845,anaerobe,6382
1846,microaerophile,6382
1847,microaerophile,6383
1848,microaerophile,6384
1849,microaerophile,6396
1850,microaerophile,6397
1851,microaerophile,6398
1852,microaerophile,6399
1853,anaerobe,6404
1854,anaerobe,6405
1855,microaerophile,6405
1856,anaerobe,6406
1857,microaerophile,6406
1858,anaerobe,6407
1859,microaerophile,6407
1860,anaerobe,6408
1861,microaerophile,6408
1862,microaerophile,6412
1863,anaerobe,6413
1864,microaerophile,6413
1865,anaerobe,6414
1866,microaerophile,6414
1867,anaerobe,6415
1868,microaerophile,6415
1869,anaerobe,6416
1870,microaerophile,6416
1871,anaerobe,6417
1872,anaerobe,6418
1873,anaerobe,6419
1874,anaerobe,6420
1875,anaerobe,6441
1877,anaerobe,6442
1878,anaerobe,6448
1879,microaerophile,6448
1880,anaerobe,6449
1881,microaerophile,6449
1882,anaerobe,6450
1883,microaerophile,6450
1884,anaerobe,6451
1885,microaerophile,6451
1886,anaerobe,6452
1887,microaerophile,6452
1888,anaerobe,6453
1889,microaerophile,6453
1891,anaerobe,6454
1893,microaerophile,6454
1894,anaerobe,6465
1895,microaerophile,6465
1896,anaerobe,6466
1897,anaerobe,6467
1898,microaerophile,6467
1899,anaerobe,6471
1900,microaerophile,6471
1901,anaerobe,6475
1902,microaerophile,6475
1903,microaerophile,6489
1904,microaerophile,6490
1905,microaerophile,6495
1906,microaerophile,6496
1907,microaerophile,6501
1908,microaerophile,6505
1909,anaerobe,6510
1910,anaerobe,6511
1911,anaerobe,6512
1912,microaerophile,6512
1913,anaerobe,6519
1914,microaerophile,6519
1915,anaerobe,6521
1916,microaerophile,6521
1917,anaerobe,6522
1918,microaerophile,6522
1919,anaerobe,6523
1920,microaerophile,6523
1921,anaerobe,6524
1922,microaerophile,6524
1923,anaerobe,6525
1924,microaerophile,6527
1925,anaerobe,6530
1926,microaerophile,6530
1927,anaerobe,6536
1928,microaerophile,6544
1929,anaerobe,6561
1930,microaerophile,6561
1931,anaerobe,6563
1932,anaerobe,6566
1933,anaerobe,6567
1934,microaerophile,6579
1936,anaerobe,6580
1938,anaerobe,6581
1939,microaerophile,6595
1940,microaerophile,6597
1941,anaerobe,6598
1942,microaerophile,6598
1943,microaerophile,6599
1944,anaerobe,6601
1945,microaerophile,6601
1946,microaerophile,6602
1947,microaerophile,6603
1948,microaerophile,6604
1949,microaerophile,6606
1950,anaerobe,6607
1951,microaerophile,6607
1952,anaerobe,6609
1953,microaerophile,6609
1954,microaerophile,6610
1955,anaerobe,6611
1956,anaerobe,6612
1957,anaerobe,6613
1958,microaerophile,6613
1959,anaerobe,6614
1960,microaerophile,6614
1961,anaerobe,6615
1962,anaerobe,6616
1963,anaerobe,6617
1964,microaerophile,6617
1965,anaerobe,6618
1966,microaerophile,6618
1967,anaerobe,6619
1968,anaerobe,6620
1969,microaerophile,6621
1971,anaerobe,6622
1972,anaerobe,6623
1973,microaerophile,6623
1974,microaerophile,6624
1975,microaerophile,6625
1976,microaerophile,6626
1977,microaerophile,6627
1978,microaerophile,6630
1979,microaerophile,6631
1980,microaerophile,6632
1981,microaerophile,6633
1982,microaerophile,6634
1983,microaerophile,6635
1984,microaerophile,6636
1985,microaerophile,6637
1986,anaerobe,6638
1987,microaerophile,6638
1989,microaerophile,6642
1990,microaerophile,6643
1991,microaerophile,6644
1992,anaerobe,6645
1993,microaerophile,6645
1994,anaerobe,6646
1995,microaerophile,6646
1996,anaerobe,6647
1997,microaerophile,6647
1998,anaerobe,6648
1999,microaerophile,6648
2000,anaerobe,6649
2001,microaerophile,6649
2002,microaerophile,6657
2003,microaerophile,6659
2004,microaerophile,6660
2005,microaerophile,6661
2006,anaerobe,6662
2007,microaerophile,6667
2008,microaerophile,6668
2009,microaerophile,6669
2010,microaerophile,6670
2011,microaerophile,6671
2012,microaerophile,6672
2013,microaerophile,6673
2014,microaerophile,6674
2015,anaerobe,6675
2016,microaerophile,6676
2017,anaerobe,6677
2018,microaerophile,6678
2019,anaerobe,6679
2020,microaerophile,6679
2021,microaerophile,6681
2022,microaerophile,6682
2023,microaerophile,6683
2024,microaerophile,6684
2025,microaerophile,6685
2026,microaerophile,6686
2027,microaerophile,6687
2028,microaerophile,6688
2029,microaerophile,6690
2030,microaerophile,6691
2031,microaerophile,6692
2032,microaerophile,6693
2033,anaerobe,6694
2034,microaerophile,6694
2035,"obligate anaerobe",6695
2036,microaerophile,6696
2037,microaerophile,6697
2038,microaerophile,6699
2039,microaerophile,6700
2040,microaerophile,6701
2041,microaerophile,6702
2042,microaerophile,6703
2043,microaerophile,6704
2044,microaerophile,6705
2045,microaerophile,6706
2046,microaerophile,6707
2047,microaerophile,6708
2048,microaerophile,6709
2049,microaerophile,6710
2050,microaerophile,6711
2051,microaerophile,6712
2052,microaerophile,6713
2053,microaerophile,6714
2054,microaerophile,6715
2055,microaerophile,6716
2056,microaerophile,6717
2057,microaerophile,6718
2058,microaerophile,6719
2059,microaerophile,6720
2060,microaerophile,6721
2061,microaerophile,6722
2062,microaerophile,6723
2063,microaerophile,6724
2064,microaerophile,6725
2065,microaerophile,6726
2066,microaerophile,6727
2067,microaerophile,6728
2068,microaerophile,6729
2069,microaerophile,6730
2070,microaerophile,6731
2071,microaerophile,6732
2072,microaerophile,6733
2073,microaerophile,6734
2074,microaerophile,6735
2075,microaerophile,6736
2076,microaerophile,6739
2077,microaerophile,6741
2078,microaerophile,6744
2079,microaerophile,6745
2080,microaerophile,6746
2081,microaerophile,6748
2082,microaerophile,6749
2083,microaerophile,6750
2084,microaerophile,6751
2085,microaerophile,6752
2086,microaerophile,6753
2087,microaerophile,6754
2088,microaerophile,6756
2089,microaerophile,6757
2090,microaerophile,6759
2091,microaerophile,6760
2092,microaerophile,6762
2093,microaerophile,6764
2094,microaerophile,6765
2095,microaerophile,6766
2096,microaerophile,6767
2097,microaerophile,6768
2098,microaerophile,6769
2099,microaerophile,6772
2100,microaerophile,6773
2101,microaerophile,6774
2102,microaerophile,6775
2103,microaerophile,6776
2104,microaerophile,6777
2105,microaerophile,6778
2106,microaerophile,6779
2107,microaerophile,6780
2108,microaerophile,6781
2109,microaerophile,6782
2110,microaerophile,6783
2111,microaerophile,6784
2112,microaerophile,6785
2113,microaerophile,6786
2114,microaerophile,6790
2115,microaerophile,6791
2116,microaerophile,6792
2117,microaerophile,6793
2118,microaerophile,6813
2120,anaerobe,6830
2121,anaerobe,6838
2122,microaerophile,6838
2123,microaerophile,6839
2124,microaerophile,6840
2125,microaerophile,6841
2126,anaerobe,6854
2127,microaerophile,6855
2128,microaerophile,6857
2129,microaerophile,6858
2130,microaerophile,6859
2131,microaerophile,6860
2132,microaerophile,6863
2133,microaerophile,6864
2135,microaerophile,6865
2137,anaerobe,6882
2138,anaerobe,6883
2139,anaerobe,6884
2140,anaerobe,6885
2142,anaerobe,6886
2143,anaerobe,6887
2144,anaerobe,6888
2145,anaerobe,6889
2146,anaerobe,6890
2147,anaerobe,6891
2148,anaerobe,6892
2149,anaerobe,6893
2150,anaerobe,6894
2151,anaerobe,6895
2152,anaerobe,6896
2153,anaerobe,6897
2154,anaerobe,6898
2155,anaerobe,6899
2156,anaerobe,6900
2157,anaerobe,6901
2158,anaerobe,6902
2159,anaerobe,6903
2160,anaerobe,6904
2162,anaerobe,6905
2163,anaerobe,6906
2164,anaerobe,6907
2165,anaerobe,6908
2166,anaerobe,6909
2167,anaerobe,6910
2168,anaerobe,6911
2169,anaerobe,6912
2170,anaerobe,6913
2171,anaerobe,6914
2172,anaerobe,6915
2173,anaerobe,6916
2174,anaerobe,6917
2175,anaerobe,6918
2176,anaerobe,6919
2177,anaerobe,6920
2178,anaerobe,6921
2179,anaerobe,6922
2180,anaerobe,6923
2182,anaerobe,6924
2183,anaerobe,6925
2184,anaerobe,6926
2186,anaerobe,6927
2188,anaerobe,6928
2189,anaerobe,6929
2190,anaerobe,6930
2191,anaerobe,6931
2192,anaerobe,6932
2193,anaerobe,6933
2194,anaerobe,6935
2196,anaerobe,6936
2197,anaerobe,6937
2198,anaerobe,6938
2199,anaerobe,6939
2200,anaerobe,6940
2201,anaerobe,6942
2202,anaerobe,6943
2204,anaerobe,6944
2205,anaerobe,6945
2206,anaerobe,6946
2207,anaerobe,6947
2208,anaerobe,6948
2209,anaerobe,6949
2210,anaerobe,6950
2211,anaerobe,6951
2212,anaerobe,6952
2213,anaerobe,6953
2214,anaerobe,6954
2215,anaerobe,6955
2216,anaerobe,6956
2217,anaerobe,6957
2219,anaerobe,6958
2220,anaerobe,6959
2221,anaerobe,6960
2222,anaerobe,6961
2224,anaerobe,6962
2226,anaerobe,6963
2228,anaerobe,6964
2230,anaerobe,6965
2232,anaerobe,6966
2234,anaerobe,6967
2235,anaerobe,6968
2236,anaerobe,6969
2237,anaerobe,6970
2238,anaerobe,6971
2239,anaerobe,6972
2241,anaerobe,6973
2243,anaerobe,6974
2245,anaerobe,6975
2246,anaerobe,6977
2247,anaerobe,6978
2248,anaerobe,6979
2249,anaerobe,6980
2250,anaerobe,6981
2251,anaerobe,6982
2252,anaerobe,6983
2253,anaerobe,6984
2254,anaerobe,6985
2255,anaerobe,6986
2256,anaerobe,6987
2257,anaerobe,6988
2258,anaerobe,6989
2259,anaerobe,6990
2260,anaerobe,6991
2261,anaerobe,6992
2263,anaerobe,6993
2264,anaerobe,6994
2266,anaerobe,6995
2267,anaerobe,6996
2268,anaerobe,6997
2269,anaerobe,6998
2270,anaerobe,6999
2271,anaerobe,7000
2272,anaerobe,7001
2273,anaerobe,7002
2274,anaerobe,7003
2275,anaerobe,7004
2276,anaerobe,7005
2277,anaerobe,7006
2278,anaerobe,7007
2279,anaerobe,7008
2280,anaerobe,7009
2281,anaerobe,7010
2282,anaerobe,7011
